actor_id,first_name,last_name
1,Justin,Roiland
2,Chris,Parnell
3,Spencer,Grammer
4,Sarah,Chalke
5,Jason,Ritter
6,Kristen,Schaal
7,Alex,Hirsch
8,Linda,Cardellini
9,Bryan,Cranston
10,Aaron,Paul
11,Anna,Gunn
12,Dean,Norris
13,Bob,Odenkirk
14,Jonathan,Banks
15,Rhea,Seehorn
16,Patrick,Fabian
17,Jason,Lee
18,Ethan,Suplee
19,Jaime,Pressly
20,Nadine,Velazquez
21,Bill,Murray
22,Andie,MacDowell
23,Harold,Ramis
24,Chris,Elliott
25,Brian Doyle,Murray
26,Stephen,Tobolowsky
27,Marita,Geraghty
28,Daniel,Kaluuya
29,LaKeith,Stanfield
30,Dominique,Fishback
31,Jesse,Plemons
32,Khris,Davis
33,Dominique,Thorne
34,William,O'Neal
35,Steven,Yeun
36,Han,Ye-Ri
37,Youn,Yuh-Jung
38,Alan S.,Kim
39,Will,Patton
40,Noel,Cho
41,Esther,Moon
42,Awkwafina,
43,Kelly Marie,Tran
44,Gemma,Chan
45,Daniel Dae,Kim
46,Benedict,Wong
47,Sandra,Oh
48,Cassie,Steele
49,Anthony,Hopkins
50,Olivia,Colman
51,Imogen,Poots
52,Olivia,Williams
53,Rufus,Sewell
54,Mark,Gatiss
55,Evie,Wray
56,Benedict,Cumberbatch
57,Merab,Ninidze
58,Rachel,Brosnahan
59,Jessie,Buckley
60,Keir,Hillis
61,James,Schofield
62,Angus,Wright
63,Connie,Nielsen
64,Christopher,Lloyd
65,Aleksey,Serebryakov
66,Michael,Ironside
67,RZA,
68,Humberly,Gonzalez
69,Alexander,Skarsgard
70,Millie Bobby,Brown
71,Julian,Dennison
72,Kaylee,Hottie
73,Rebecca,Hall
74,Brian Tyree,Henry
75,Eiza,Gonzalez
76,Tanjiro,Kamado
77,Kyojuro,Rengoku
78,Nezuko,Kamado
79,Zenitsu,Agatsuma
80,Akaza,
81,Inosuke,Hashibira
82,Enmu,
83,Cillian,Murphy
84,Emily,Blunt
85,John,Krasinski
86,Millicent,Simmonds
87,Noah,Jupe
88,Djimon,Hounsou
89,Evangelina,Cavoli
90,Anthony,Ramos
91,Lin-Manuel,Miranda
92,Melissa,Barrera
93,Stephanie,Beatriz
94,Ariana,Greenblatt
95,Christopher,Jackson
96,Marc,Anthony
97,Taylour,Paige
98,Riley,Keough
99,Nicholas,Braun
100,Colman,Domingo
101,Jason,Mitchell
102,Ari'el,Stachel
103,Nelcie,Souffrant
104,Emily,Blunt
105,Dwayne,Johnson
106,Jack,Whitehall
107,Jesse,Plemons
108,Edgar,Ramirez
109,Paul,Giamatti
110,Veronica,Falcon
111,Dev,Patel
112,Alicia,Vikander
113,Barry,Keoghan
114,Erin,Kellyman
115,Ralph,Ineson
116,Sean,Harris
117,Joel,Edgerton
118,Margot,Robbie
119,Daniela,Melchoir
120,John,Cena
121,Pete,Davidson
122,Nathan,Fillion
123,Idris,Elba
124,David,Dastmalchian
125,Ryan,Reynolds
126,Jodie,Comer
127,Joe,Keery
128,Taika,Waititi
129,Aaron W.,Reed
130,Jordan,Peele
131,Tony Todd,Yahya-Abdul-Mateen II
132,Teyonah,Parris
133,Colman,Domingo
134,Virginia,Madsen
135,Vanessa Estelle,Williams
136,Annabelle,Wallis
137,Maddie,Hasson
138,Mckenna,Grace
139,George,Young
140,Ingrid,Bisu
141,Jake,Abel
142,Marina,Mazepa
143,Daniel,Craig
144,Rami,Malek
145,Lashana,Lynch
146,Lea,Seydoux
147,Naomie,Harris
148,Ana,De Armas
149,Ralph,Fiennes
150,Jodie,Comer
151,Adam,Driver
152,Matt,Damon
153,Ben,Affleck
154,Alex,Lawther
155,Serena,Kennedy
